{
  "train_loss": [
    0.418037196053399,
    0.3882800692849689,
    0.3620405755903986,
    0.3441799073550436,
    0.3322285019357999,
    0.39335029959016377,
    0.36005273692475426,
    0.341564325120714,
    0.3327210958070225,
    0.33605692952871324,
    0.321380980167124,
    0.32057012473874624,
    0.3208645658691724,
    0.33988849136564464,
    0.32171423252423603,
    0.30670679928859074,
    0.3060031828482946,
    0.30070071601867676,
    0.3070499813357989
  ],
  "train_acc": [
    0.9287222222222222,
    0.9402777777777778,
    0.9623888888888888,
    0.9698333333333333,
    0.9742222222222222,
    0.9548888888888889,
    0.9730555555555556,
    0.9776666666666667,
    0.9793333333333333,
    0.9807222222222223,
    0.9837222222222223,
    0.9855555555555555,
    0.9845555555555555,
    0.9805,
    0.9901666666666666,
    0.9927222222222222,
    0.9933333333333333,
    0.9955555555555555,
    0.9936111111111111
  ],
  "test_loss": [
    0.14851649674773215,
    0.1191012995094061,
    0.10241602873802184,
    0.10062366977334022,
    0.08328380334377289,
    0.12180615440011025,
    0.1338762806355953,
    0.08228931084275246,
    0.08177755773067474,
    0.09041737154126167,
    0.08026997496187686,
    0.08735303862392903,
    0.0922978825867176,
    0.06947307881712914,
    0.07080972400307656,
    0.07302812421321869,
    0.059067341580986976,
    0.058002673417329786,
    0.061943618163466455
  ],
  "test_acc": [
    0.969,
    0.9685,
    0.978,
    0.979,
    0.987,
    0.9765,
    0.983,
    0.9895,
    0.989,
    0.9905,
    0.987,
    0.9875,
    0.985,
    0.9945,
    0.993,
    0.995,
    0.9985,
    0.998,
    0.996
  ],
  "auc": [
    0.996454,
    0.995736,
    0.99666,
    0.999197,
    0.99954,
    0.998638,
    0.999205,
    0.9996609999999999,
    0.9994959999999999,
    0.998213,
    0.9985560000000001,
    0.9993920000000001,
    0.9982249999999999,
    0.999953,
    0.998865,
    0.999996,
    0.999989,
    0.9999950000000001,
    0.999982
  ],
  "phase": [
    1,
    1,
    1,
    1,
    1,
    2,
    2,
    2,
    2,
    2,
    2,
    2,
    2,
    3,
    3,
    3,
    3,
    3,
    3
  ]
}