{
  "accuracy": 0.994,
  "precision": 0.998989898989899,
  "recall": 0.989,
  "f1": 0.9939698492462311,
  "auc": 0.999902
}