{
  "train_loss": [
    0.3054129779206382,
    0.25713820709122553,
    0.25393803688552646,
    0.2378931319978502,
    0.23676355548037423,
    0.2320716429816352,
    0.2296489070587688,
    0.22337018028232786,
    0.21896973860263824,
    0.21838870277669695,
    0.16401424003309673,
    0.14256264348162545,
    0.13671069895558888,
    0.13398493690623178,
    0.13148635978831186,
    0.13131086518367133,
    0.1305294908285141,
    0.12932035358746846,
    0.12939392989873885,
    0.12871843404902353
  ],
  "train_acc": [
    0.8972222222222223,
    0.9295,
    0.9304444444444444,
    0.9367222222222222,
    0.9381111111111111,
    0.9395555555555556,
    0.9396666666666667,
    0.9446666666666667,
    0.9469444444444445,
    0.9473333333333334,
    0.9781111111111112,
    0.9903888888888889,
    0.9930555555555556,
    0.9951666666666666,
    0.9960555555555556,
    0.9961111111111111,
    0.9963888888888889,
    0.9972777777777778,
    0.9971111111111111,
    0.9969444444444444
  ],
  "test_loss": [
    0.12532035671174527,
    0.13760876123607158,
    0.1153856937289238,
    0.09639018893241882,
    0.11586932408809662,
    0.08889164742827416,
    0.09568768593668937,
    0.10082439571619034,
    0.0991026242673397,
    0.07700274031609297,
    1.530826840877533,
    0.49890774697065354,
    0.09232473877072335,
    0.10188553707301616,
    0.038477635830640795,
    0.08782719914615154,
    0.02775380527973175,
    1.1184156072437763,
    0.3863845454454422,
    0.0283031205534935
  ],
  "test_acc": [
    0.9525,
    0.9445,
    0.961,
    0.972,
    0.958,
    0.9725,
    0.9665,
    0.9605,
    0.964,
    0.9735,
    0.5175,
    0.7685,
    0.9775,
    0.9645,
    0.994,
    0.976,
    0.999,
    0.62,
    0.8265,
    0.998
  ],
  "auc": [
    0.9942110000000001,
    0.995128,
    0.99666,
    0.99774,
    0.997279,
    0.9978250000000001,
    0.997812,
    0.997788,
    0.9978440000000001,
    0.998514,
    0.871896,
    0.9981059999999999,
    0.9929530000000001,
    0.9972270000000001,
    0.999933,
    0.999907,
    0.999991,
    0.9974825,
    0.997907,
    0.999998
  ]
}