{
  "accuracy": 0.9975,
  "precision": 0.9950248756218906,
  "recall": 1.0,
  "f1": 0.9975062344139651,
  "auc": 0.999996
}